,City,Country,Lat,Lng,Max Temp,Humidity,Cloudiness,Wind Speed,Current Description
0,Presidente Epitacio,BR,-21.7633,-52.1156,66.96,48,0,6.13,clear sky
1,Silvan,TR,38.1419,41.0081,71.89,18,0,0.2,clear sky
2,Hermanus,ZA,-34.4187,19.2345,48.79,85,31,6.26,scattered clouds
3,Eureka,US,40.8021,-124.1637,57.61,87,45,3.11,scattered clouds
4,Rikitea,PF,-23.1203,-134.9692,74.88,70,74,2.91,light rain
5,Cherskiy,RU,68.75,161.3,53.37,46,23,15.41,few clouds
6,Avarua,CK,-21.2078,-159.775,73.45,64,40,13.8,scattered clouds
7,Kahramanmaras,TR,38.0,37.0,65.46,50,0,7.92,clear sky
8,Carnarvon,AU,-24.8667,113.6333,72.82,31,88,1.5,overcast clouds
9,Botwood,CA,49.1499,-55.3482,59.9,83,5,7.78,clear sky
10,Upernavik,GL,72.7868,-56.1549,37.98,85,94,6.31,overcast clouds
11,Ixtapa,MX,20.7,-105.2,75.22,100,100,4.61,overcast clouds
12,New Norfolk,AU,-42.7826,147.0587,56.91,64,67,3.85,light rain
13,Longyearbyen,SJ,78.2186,15.6401,48.04,76,75,3.44,broken clouds
14,Khatanga,RU,71.9667,102.5,60.03,86,100,11.74,moderate rain
15,Qaanaaq,GL,77.484,-69.3632,37.6,71,56,1.34,broken clouds
16,Kaduqli,SD,11.0167,29.7167,72.14,92,100,2.64,moderate rain
17,Talnakh,RU,69.4865,88.3972,67.21,39,29,5.06,scattered clouds
18,Coquimbo,CL,-29.9533,-71.3436,51.53,100,0,10.36,clear sky
19,Mataura,NZ,-46.1927,168.8643,47.48,95,100,3.83,overcast clouds
20,Ushuaia,AR,-54.8,-68.3,35.26,64,0,10.36,clear sky
21,Barrow,US,71.2906,-156.7887,35.62,93,100,13.8,light rain
22,Saint-Philippe,RE,-21.3585,55.7679,70.21,83,61,12.77,light rain
23,Bredasdorp,ZA,-34.5322,20.0403,48.36,92,13,4.74,few clouds
24,Portland,US,45.5234,-122.6762,89.55,53,0,5.75,clear sky
25,Beloha,MG,-25.1667,45.05,63.12,76,2,2.3,clear sky
26,Warrnambool,AU,-38.3833,142.4833,55.78,80,99,17.56,overcast clouds
27,Airai,TL,-8.9266,125.4092,72.25,45,68,5.28,broken clouds
28,Atuona,PF,-9.8,-139.0333,77.56,74,12,17.67,few clouds
29,Tiksi,RU,71.6872,128.8694,56.21,71,80,4.47,broken clouds
30,Nikolskoye,RU,59.7035,30.7861,70.88,76,100,6.24,overcast clouds
31,Vaini,TO,-21.2,-175.2,74.43,72,87,12.95,overcast clouds
32,Nome,US,64.5011,-165.4064,48.27,71,40,13.8,scattered clouds
33,Puerto Ayora,EC,-0.7393,-90.3518,69.55,91,99,4.0,overcast clouds
34,La Ronge,CA,55.1001,-105.2842,59.25,77,75,6.91,broken clouds
35,Hithadhoo,MV,-0.6,73.0833,76.77,87,100,9.78,moderate rain
36,Komsomolskiy,UZ,40.4272,71.7189,95.72,24,3,13.8,clear sky
37,Gornozavodsk,RU,58.3758,58.3211,65.73,50,4,5.7,clear sky
38,Dingle,PH,10.9995,122.6711,87.08,71,88,12.86,overcast clouds
39,Albany,US,42.6001,-73.9662,62.53,83,1,3.62,clear sky
40,Ossora,RU,59.2353,163.0719,59.79,76,100,6.69,overcast clouds
41,Yulara,AU,-25.2406,130.9889,64.96,20,0,11.86,clear sky
42,Busselton,AU,-33.65,115.3333,60.85,64,97,4.03,overcast clouds
43,Punta Arenas,CL,-53.15,-70.9167,30.31,86,0,13.8,clear sky
44,Paamiut,GL,61.994,-49.6678,41.7,93,60,13.76,broken clouds
45,Clyde River,CA,70.4692,-68.5914,41.23,100,100,4.61,overcast clouds
46,Bethel,US,41.3712,-73.414,68.63,80,0,4.61,clear sky
47,Lamesa,US,32.7376,-101.951,86.52,32,15,18.63,few clouds
48,Hobart,AU,-42.8794,147.3294,57.25,66,20,11.5,few clouds
49,Ilulissat,GL,69.2167,-51.1,42.82,93,100,6.91,overcast clouds
50,Faanui,PF,-16.4833,-151.75,78.58,72,22,7.54,few clouds
51,Kinsale,IE,51.7075,-8.5306,56.57,88,75,2.3,broken clouds
52,Kimberley,ZA,-28.7323,24.7623,53.29,66,0,14.97,clear sky
53,Ternate,ID,0.8,127.4,81.5,79,100,4.54,overcast clouds
54,Provideniya,RU,64.3833,-173.3,48.36,71,0,18.01,clear sky
55,Moroni,KM,-11.7022,43.2551,68.0,83,20,5.75,few clouds
56,Fort Nelson,CA,58.8053,-122.7002,74.79,57,75,4.61,broken clouds
57,Tongren,CN,27.7172,109.1853,97.25,43,40,7.31,scattered clouds
58,Kailaras,IN,26.3167,77.6167,88.59,62,86,8.25,overcast clouds
59,Katsuura,JP,35.1333,140.3,83.23,80,40,15.23,scattered clouds
60,Yellowknife,CA,62.456,-114.3525,63.12,63,20,3.44,few clouds
61,Noyabrsk,RU,63.1994,75.4507,62.08,55,43,13.24,scattered clouds
62,Ayr,GB,55.4627,-4.6339,47.32,100,58,3.44,broken clouds
63,Saint-Augustin,CA,51.226,-58.6502,59.54,77,33,11.59,scattered clouds
64,Bluff,NZ,-46.6,168.3333,47.8,89,100,18.43,light rain
65,Vardo,NO,70.3705,31.1107,60.78,94,75,17.27,broken clouds
66,Aasiaat,GL,68.7098,-52.8699,37.74,95,96,7.81,overcast clouds
67,Bambous Virieux,MU,-20.3428,57.7575,71.22,94,40,3.44,scattered clouds
68,Khani,GE,41.9563,42.9566,60.37,95,98,0.22,overcast clouds
69,Cape Town,ZA,-33.9258,18.4232,59.38,86,20,5.99,mist
70,Tilichiki,RU,60.4667,166.1,49.44,95,100,3.31,moderate rain
71,Dongsheng,CN,39.8161,109.9776,79.47,27,94,6.58,overcast clouds
72,Golden,US,39.7555,-105.2211,71.02,77,100,12.66,overcast clouds
73,Isangel,VU,-19.55,169.2667,76.64,83,77,10.8,broken clouds
74,Grindavik,IS,63.8424,-22.4338,55.35,100,100,18.41,moderate rain
75,Asau,RO,46.4333,26.4,65.32,54,39,1.63,scattered clouds
76,Sakakah,SA,29.9697,40.2064,85.57,14,3,5.64,clear sky
77,Lorengau,PG,-2.0226,147.2712,85.28,68,25,11.32,scattered clouds
78,Thompson,CA,55.7435,-97.8558,55.56,88,75,8.05,broken clouds
79,Narsaq,GL,60.9167,-46.05,50.22,89,30,1.92,scattered clouds
80,Lexington,US,37.9887,-84.4777,75.2,86,40,0.0,scattered clouds
81,Guerrero Negro,MX,27.9769,-114.0611,68.95,82,4,10.11,clear sky
82,Saint George,US,37.1041,-113.5841,75.79,78,75,0.0,light rain
83,Norman Wells,CA,65.282,-126.8329,59.04,88,40,3.44,scattered clouds
84,Tasiilaq,GL,65.6145,-37.6368,39.36,97,100,3.85,overcast clouds
85,Beisfjord,NO,68.3751,17.5988,56.05,99,100,6.38,light rain
86,Esperance,AU,-33.8667,121.9,60.49,70,99,5.39,overcast clouds
87,Dikson,RU,73.5069,80.5464,41.47,99,100,20.67,light rain
88,Namibe,AO,-15.1961,12.1522,63.63,69,2,2.95,clear sky
89,Taihe,CN,30.8712,105.3845,94.44,54,83,8.75,moderate rain
90,Hobyo,SO,5.3505,48.5268,78.67,71,74,23.53,broken clouds
91,Tuktoyaktuk,CA,69.4541,-133.0374,62.6,48,20,27.63,few clouds
92,Kapaa,US,22.0752,-159.319,84.18,78,100,16.11,overcast clouds
93,Butaritari,KI,3.0707,172.7902,82.11,75,8,19.75,clear sky
94,Flin Flon,CA,54.7682,-101.865,54.23,91,100,7.67,overcast clouds
95,Sanmenxia,CN,34.7747,111.1814,80.08,77,100,5.93,overcast clouds
96,Tezu,IN,27.9167,96.1667,82.58,89,72,2.93,broken clouds
97,Muros,ES,42.7762,-9.0603,62.1,84,1,9.48,clear sky
98,Tadine,NC,-21.55,167.8833,72.7,69,40,2.95,scattered clouds
99,Saucillo,MX,28.0167,-105.2833,78.31,47,88,10.22,overcast clouds
100,Bulolo,PG,-7.2,146.65,83.88,59,92,4.09,overcast clouds
101,Lingao,CN,19.9103,109.6859,88.84,64,3,7.09,clear sky
102,Nalut,LY,30.3333,10.85,76.37,19,0,9.24,clear sky
103,Kidal,ML,18.4411,1.4078,90.39,11,16,3.98,few clouds
104,Saint-Pierre,RE,-21.3393,55.4781,72.91,63,75,5.75,broken clouds
105,Miraflores,MX,19.2167,-98.8083,65.05,91,88,4.09,overcast clouds
106,Bathsheba,BB,13.2167,-59.5167,81.21,87,40,14.97,scattered clouds
107,Kaitangata,NZ,-46.2817,169.8464,45.46,96,100,9.78,moderate rain
108,Sitka,US,57.0531,-135.33,60.69,82,75,14.97,broken clouds
109,Lebu,CL,-37.6167,-73.65,49.8,87,54,12.12,broken clouds
110,Nador,MA,35.174,-2.9287,86.25,20,0,4.61,clear sky
111,Yangliuqing,CN,39.1375,116.9997,85.95,53,79,6.26,broken clouds
112,Sistranda,NO,63.7256,8.834,49.96,72,100,19.73,overcast clouds
113,Izacic,BA,44.875,15.7819,63.68,98,96,3.09,overcast clouds
114,Okha,RU,53.5739,142.9478,60.01,79,96,7.02,overcast clouds
115,Nauchnyy Gorodok,RU,53.4203,83.521,77.86,36,0,4.47,clear sky
116,Kruisfontein,ZA,-34.0033,24.7314,54.88,86,66,14.72,broken clouds
117,Cayenne,GF,4.9333,-52.3333,76.08,1,20,2.3,few clouds
118,Saskylakh,RU,71.9167,114.0833,82.8,41,29,12.24,scattered clouds
119,Zunyi,CN,27.6867,106.9072,83.84,70,100,5.39,overcast clouds
120,Santa Barbara,US,34.7333,-120.0343,63.34,83,0,5.75,clear sky
121,Sorong,ID,-0.8833,131.25,84.33,71,70,5.19,broken clouds
122,Aguilas,ES,37.4063,-1.5829,77.41,88,2,6.76,clear sky
123,Te Anau,NZ,-45.4167,167.7167,43.3,96,100,2.06,light rain
124,Chicama,PE,-7.8447,-79.1469,59.54,87,80,6.11,broken clouds
125,Chongwe,ZM,-15.3292,28.682,57.54,80,46,10.0,scattered clouds
126,Hualmay,PE,-11.0964,-77.6139,61.12,87,91,9.64,overcast clouds
127,Prince George,CA,53.9166,-122.753,73.26,69,0,0.0,clear sky
128,Savannah Bight,HN,16.45,-85.85,82.69,79,100,19.15,overcast clouds
129,Pipri,IN,19.8,75.5333,77.58,83,75,3.44,haze
130,Wildwood,US,38.5828,-90.6629,76.3,96,100,4.61,overcast clouds
131,Buala,SB,-8.145,159.5921,84.76,68,76,6.82,broken clouds
132,Mushie,CD,-3.0167,16.9,71.87,71,34,4.34,scattered clouds
133,Castro,BR,-24.7911,-50.0119,52.7,89,1,3.6,clear sky
134,Barvinkove,UA,48.9097,37.0205,69.26,72,1,5.53,clear sky
135,Hervey Bay,AU,-25.2986,152.8535,64.6,44,0,17.02,clear sky
136,Phonhong,LA,18.5007,102.4166,93.6,52,2,2.04,clear sky
137,Sassandra,CI,4.95,-6.0833,73.62,90,100,6.55,light rain
138,Victoria,HK,22.2855,114.1577,93.96,61,14,8.01,few clouds
139,Gat,IL,31.61,34.7642,83.39,51,0,0.4,clear sky
140,Pitimbu,BR,-7.4706,-34.8086,72.19,84,44,10.45,scattered clouds
141,Ribeira Grande,PT,38.5167,-28.7,73.72,82,30,9.4,scattered clouds
142,Florence,IT,43.7667,11.25,75.24,88,0,4.61,clear sky
143,Kenai,US,60.5544,-151.2583,61.03,67,0,8.05,clear sky
144,Georgetown,MY,5.4112,100.3354,87.75,70,40,11.5,scattered clouds
145,Manokwari,ID,-0.8667,134.0833,84.16,69,78,11.03,broken clouds
146,Cidreira,BR,-30.1811,-50.2056,60.78,94,17,12.15,few clouds
147,Torbay,CA,47.6666,-52.7314,66.97,92,100,14.97,overcast clouds
148,Tuatapere,NZ,-46.1333,167.6833,45.55,96,100,3.02,light rain
149,Jamestown,US,42.097,-79.2353,64.04,69,20,1.01,few clouds
150,Itaituba,BR,-4.2761,-55.9836,73.47,63,34,1.7,scattered clouds
151,Peniche,PT,39.3558,-9.3811,65.28,87,0,20.07,clear sky
152,Taraza,CO,7.5836,-75.4007,72.55,94,93,2.82,overcast clouds
153,Rocha,UY,-34.4833,-54.3333,60.15,96,69,7.0,broken clouds
154,Puerto Escondido,MX,15.85,-97.0667,77.34,87,99,4.81,overcast clouds
155,Verkhnyaya Inta,RU,65.9811,60.3094,61.27,57,45,10.87,scattered clouds
156,Tsabong,BW,-26.0217,22.401,61.2,40,82,11.1,broken clouds
157,Aswan,EG,24.0934,32.907,83.5,20,0,9.22,clear sky
158,Chuy,UY,-33.6971,-53.4616,57.52,97,23,3.47,few clouds
159,Vryburg,ZA,-26.9566,24.7284,52.9,63,16,10.09,few clouds
160,Hilo,US,19.7297,-155.09,78.53,84,100,3.44,overcast clouds
161,Iqaluit,CA,63.7506,-68.5145,44.33,76,20,2.3,few clouds
162,Tiznit,MA,29.5833,-9.5,80.11,33,0,2.26,clear sky
163,Caxias,PT,38.7031,-9.2767,67.44,75,40,17.27,scattered clouds
164,Ostrovnoy,RU,68.0531,39.5131,65.73,74,97,20.33,overcast clouds
165,Tautira,PF,-17.7333,-149.15,76.01,81,64,13.8,moderate rain
166,Magadan,RU,59.5667,150.8,78.53,81,78,8.55,broken clouds
167,Souillac,MU,-20.5167,57.5167,66.58,94,40,3.44,scattered clouds
168,Klaksvik,FO,62.2266,-6.589,50.92,94,100,9.06,light rain
169,Sao Joao Da Barra,BR,-21.6403,-41.0511,69.51,83,10,7.47,clear sky
170,Iquitos,PE,-3.7481,-73.2472,75.24,100,75,4.61,broken clouds
171,Port Alfred,ZA,-33.5906,26.891,59.18,79,56,7.0,broken clouds
172,Ulaanbaatar,MN,47.9077,106.8832,60.93,55,40,6.71,scattered clouds
173,Windsor,CA,42.3001,-83.0165,73.08,81,0,4.61,clear sky
174,Yerbogachen,RU,61.2767,108.0108,72.23,53,71,7.29,broken clouds
175,Necochea,AR,-38.5473,-58.7368,51.75,95,100,4.38,overcast clouds
176,Banda Aceh,ID,5.5577,95.3222,85.3,66,100,3.62,overcast clouds
177,Trinidad,BO,-14.8333,-64.9,77.0,63,51,1.95,broken clouds
178,Batticaloa,LK,7.7102,81.6924,84.42,69,85,7.34,moderate rain
179,Alice Springs,AU,-23.7,133.8833,60.35,25,0,10.36,clear sky
180,Kodiak,US,57.79,-152.4072,53.11,71,0,4.61,clear sky
181,Gazimurskiy Zavod,RU,51.5461,118.3266,73.94,53,40,11.05,scattered clouds
182,Lavrentiya,RU,65.5833,-171.0,44.78,72,65,8.93,broken clouds
183,Constitucion,CL,-35.3333,-72.4167,49.87,91,85,5.57,overcast clouds
184,Egvekinot,RU,66.3167,-179.1667,45.52,64,94,4.32,overcast clouds
185,Coihaique,CL,-45.5752,-72.0662,30.15,93,20,3.44,few clouds
186,Yar-Sale,RU,66.8333,70.8333,59.09,59,89,8.88,overcast clouds
187,Bilibino,RU,68.0546,166.4372,51.46,45,48,13.91,scattered clouds
188,Eurajoki,FI,61.2,21.7333,59.02,89,19,8.86,few clouds
189,Kavieng,PG,-2.5744,150.7967,84.99,64,66,12.97,broken clouds
190,Dudinka,RU,69.4058,86.1778,67.62,44,63,12.28,broken clouds
191,Marawi,PH,7.9986,124.2928,80.11,75,49,1.68,scattered clouds
192,Zhigansk,RU,66.7697,123.3711,77.97,47,16,3.31,few clouds
193,Tommot,RU,58.9564,126.2925,85.17,33,22,6.8,few clouds
194,Novi Bilokorovychi,UA,51.1155,28.0546,65.64,69,100,4.32,overcast clouds
195,Sorland,NO,67.667,12.6934,49.86,78,100,24.65,overcast clouds
196,Srednekolymsk,RU,67.45,153.6833,59.2,34,42,14.88,scattered clouds
197,Kaspiysk,RU,42.8816,47.6392,78.98,73,20,8.99,few clouds
198,Mahebourg,MU,-20.4081,57.7,71.26,94,40,3.44,scattered clouds
199,Vao,NC,-22.6667,167.4833,69.37,67,0,7.0,clear sky
200,Pevek,RU,69.7008,170.3133,35.98,83,100,11.36,overcast clouds
201,Lasa,IT,46.6166,10.7002,65.28,89,100,1.34,overcast clouds
202,Coolum Beach,AU,-26.5333,153.1,68.11,37,0,13.76,clear sky
203,Mogadishu,SO,2.0371,45.3438,75.07,78,75,18.41,broken clouds
204,Coos Bay,US,43.3665,-124.2179,60.31,97,0,4.61,clear sky
205,Port Elizabeth,ZA,-33.918,25.5701,59.31,81,0,24.16,clear sky
206,Harsud,IN,22.1,76.7333,82.71,77,100,6.42,overcast clouds
207,Kilindoni,TZ,-7.9139,39.6668,75.38,77,15,15.9,light rain
208,Duvan,RU,55.695,57.9024,60.94,91,92,8.3,light rain
209,Chokurdakh,RU,70.6333,147.9167,62.02,30,51,11.9,broken clouds
210,Chara,RU,56.9064,118.2631,81.14,45,89,2.24,overcast clouds
211,High Level,CA,58.5169,-117.136,73.51,68,75,3.44,broken clouds
212,Colac,AU,-38.3333,143.5833,55.17,83,100,10.58,overcast clouds
213,Erzin,TR,36.9559,36.2,81.45,57,0,3.44,clear sky
214,Bubaque,GW,11.2833,-15.8333,79.39,78,74,12.88,broken clouds
215,La Rioja,ES,42.25,-2.5,51.58,93,0,4.56,clear sky
216,Shimoda,JP,34.6667,138.95,92.1,77,70,10.04,broken clouds
217,Elbeuf,FR,49.2867,1.0029,58.73,87,100,6.91,overcast clouds
218,Arraial Do Cabo,BR,-22.9661,-42.0278,69.67,85,0,15.55,clear sky
219,Sao Filipe,CV,14.8961,-24.4956,77.04,85,55,2.75,broken clouds
220,Putina,PE,-15.4667,-69.4333,41.23,64,14,3.71,few clouds
221,Male,MV,4.1748,73.5089,85.95,74,75,14.97,broken clouds
222,Zheshart,RU,62.0731,49.5733,66.69,44,17,3.29,few clouds
223,Agadez,NE,19.75,10.25,80.92,23,31,11.81,scattered clouds
224,Henties Bay,NA,-22.116,14.2845,52.52,84,24,4.85,few clouds
225,East London,ZA,-33.0153,27.9116,63.54,59,0,11.5,clear sky
226,Malur,IN,13.0075,77.9378,78.58,64,20,5.86,few clouds
227,Margate,GB,51.3813,1.3862,60.91,82,100,1.01,overcast clouds
228,Ulagan,RU,50.6321,87.9563,71.4,38,1,2.62,clear sky
229,Mamallapuram,IN,12.6264,80.1722,89.06,61,13,6.51,few clouds
230,Labuan,MY,5.2767,115.2417,84.56,79,20,3.44,few clouds
231,Bowen,AU,-20.0167,148.2333,70.79,59,0,15.26,clear sky
232,Ponta Do Sol,PT,32.6667,-17.1,72.23,69,0,5.41,clear sky
233,Svetlogorsk,BY,52.6333,29.7333,66.56,74,100,6.62,overcast clouds
234,Dubbo,AU,-32.25,148.6167,53.73,71,100,16.11,overcast clouds
235,Tual,ID,-5.6667,132.75,79.68,77,60,19.37,broken clouds
236,San Quintin,MX,30.4833,-115.95,66.94,86,10,9.55,clear sky
237,Cabedelo,BR,-6.9811,-34.8339,72.27,85,38,10.29,scattered clouds
238,Bumba,CD,2.1833,22.4667,70.43,96,100,2.19,overcast clouds
239,Hammerfest,NO,70.6634,23.6821,57.65,100,75,10.36,broken clouds
240,Buriti Bravo,BR,-5.8372,-43.8336,72.05,46,41,6.71,scattered clouds
241,Longhua,CN,23.6137,114.1919,102.63,36,3,4.32,clear sky
242,Hambantota,LK,6.1241,81.1185,82.74,89,20,1.14,few clouds
243,Mahon,ES,39.8885,4.2658,72.16,78,0,5.75,clear sky
244,Houston,US,29.7633,-95.3633,86.29,75,0,9.22,clear sky
245,Maneadero,MX,31.7167,-116.5667,68.11,83,35,1.99,scattered clouds
246,Hay River,CA,60.8156,-115.7999,66.18,77,75,9.22,broken clouds
247,Derzhavinsk,KZ,51.1,66.3167,78.03,43,25,16.33,scattered clouds
248,Namanyere,TZ,-7.5167,31.05,56.98,70,57,5.37,broken clouds
249,Bilma,NE,18.6853,12.9164,85.57,13,37,4.34,scattered clouds
250,Skegness,GB,53.1436,0.3363,57.06,66,96,3.42,overcast clouds
251,Caravelas,BR,-17.7125,-39.2481,69.28,81,2,6.42,clear sky
252,Clonakilty,IE,51.6231,-8.8706,56.41,71,100,2.71,overcast clouds
253,Noumea,NC,-22.2763,166.4572,78.78,99,0,5.57,clear sky
254,Dayong,CN,25.0209,118.2898,96.8,51,5,3.31,clear sky
255,Mar Del Plata,AR,-38.0023,-57.5575,53.1,98,100,4.61,fog
256,Alofi,NU,-19.0595,-169.9187,75.09,69,33,10.36,scattered clouds
257,Bonthe,SL,7.5264,-12.505,75.83,84,100,6.8,overcast clouds
258,Selma,US,36.5708,-119.6121,89.38,33,0,8.05,clear sky
259,Magadi,IN,12.9667,77.2333,78.96,66,31,5.12,scattered clouds
260,Luderitz,NA,-26.6481,15.1594,53.85,70,0,8.46,clear sky
261,Port Lincoln,AU,-34.7333,135.8667,60.08,54,60,15.39,broken clouds
262,Anadyr,RU,64.75,177.4833,48.7,87,75,8.95,light intensity drizzle
263,Comodoro Rivadavia,AR,-45.8667,-67.5,31.86,93,0,3.44,clear sky
264,Farah,AF,32.5,62.5,91.18,38,48,6.26,scattered clouds
265,Brae,GB,60.3964,-1.353,52.7,81,82,9.08,light rain
266,Ambilobe,MG,-13.2,49.05,72.28,66,45,3.83,scattered clouds
267,Weihe,CN,32.9952,105.3247,71.89,78,95,6.02,moderate rain
268,Neuquen,AR,-38.9516,-68.0591,44.49,93,100,0.0,light intensity drizzle
269,Ishinomaki,JP,38.4167,141.3,80.6,80,78,8.32,broken clouds
270,Shelburne,CA,44.0787,-80.2041,60.6,70,5,3.36,clear sky
271,Goderich,CA,43.7501,-81.7165,61.92,82,26,3.44,scattered clouds
272,Pampierstad,ZA,-27.7832,24.6877,53.83,68,58,13.44,broken clouds
273,Puri,IN,19.8,85.85,86.52,70,98,8.28,overcast clouds
274,Samarai,PG,-10.6167,150.6667,80.22,80,58,11.99,broken clouds
275,Marystown,CA,47.1666,-55.1483,64.85,100,98,6.08,overcast clouds
276,Kamina,CD,-8.7386,24.9906,57.72,54,95,4.59,overcast clouds
277,Santa Vitoria Do Palmar,BR,-33.5189,-53.3681,57.88,96,19,2.59,few clouds
278,Karratha,AU,-20.7377,116.8463,82.53,27,1,15.23,clear sky
279,Saint Paul,US,44.9444,-93.0933,70.38,88,20,13.8,few clouds
280,Touros,BR,-5.1989,-35.4608,72.41,90,4,10.6,clear sky
281,Zheleznodorozhnyy,RU,55.7503,38.0042,73.92,72,12,2.33,few clouds
282,Domoni,KM,-12.2569,44.5319,75.74,72,11,8.28,few clouds
283,Tonantins,BR,-2.8731,-67.8022,74.05,93,88,2.26,overcast clouds
284,Flinders,AU,-34.5833,150.8552,66.18,46,3,11.01,clear sky
285,Pangody,RU,65.85,74.4859,53.56,74,88,7.38,overcast clouds
286,Mbanza-Ngungu,CD,-5.25,14.8667,60.26,94,56,4.05,broken clouds
287,Guanica,PR,17.9716,-66.908,81.05,85,10,5.26,clear sky
288,Aguas Formosas,BR,-17.0822,-40.9358,61.36,98,20,1.54,few clouds
289,Berdigestyakh,RU,62.0989,126.6992,83.62,36,8,5.57,clear sky
290,Sinnamary,GF,5.3833,-52.95,77.77,83,29,4.36,scattered clouds
291,Meulaboh,ID,4.1363,96.1285,83.03,72,87,8.1,overcast clouds
292,Camacha,PT,33.0833,-16.3333,65.62,83,40,13.8,scattered clouds
293,Nanortalik,GL,60.1432,-45.2371,42.6,93,64,3.65,broken clouds
294,Zorritos,PE,-3.6805,-80.6782,71.89,80,100,1.28,overcast clouds
295,Irtyshskiy,RU,58.3333,68.1333,68.77,49,78,11.9,broken clouds
296,Bengkulu,ID,-3.8004,102.2655,84.18,65,56,4.88,broken clouds
297,Takoradi,GH,4.8845,-1.7554,74.64,90,96,9.84,light rain
298,Lompoc,US,34.6391,-120.4579,61.02,85,0,5.75,clear sky
299,Upata,VE,8.0086,-62.3989,68.0,95,25,3.27,scattered clouds
300,Kavaratti,IN,10.5669,72.642,81.72,77,97,15.35,overcast clouds
301,Gazanjyk,TM,39.2446,55.5154,90.12,25,48,17.92,scattered clouds
302,Ancona,IT,43.55,13.1667,75.07,61,0,14.0,clear sky
303,Yayva,RU,59.3303,57.2641,65.46,48,55,5.73,broken clouds
304,Araouane,ML,18.9048,-3.5265,92.41,11,84,7.72,broken clouds
305,Yarkovo,RU,57.4028,67.0786,65.44,58,96,8.39,overcast clouds
306,Tateyama,JP,34.9833,139.8667,82.22,84,38,15.97,scattered clouds
307,Axim,GH,4.8699,-2.2405,75.49,86,95,11.03,light rain
308,Daloa,CI,6.8774,-6.4502,70.57,94,99,3.94,overcast clouds
309,Pisco,PE,-13.7,-76.2167,62.65,82,100,8.05,mist
310,Khasan,RU,42.4308,130.6434,75.74,81,4,7.58,clear sky
311,Juneau,US,58.3019,-134.4197,62.6,100,75,3.44,broken clouds
312,Vila Velha,BR,-20.3297,-40.2925,67.95,96,20,2.3,few clouds
313,Kijang,KR,35.2442,129.2139,85.73,77,50,11.45,scattered clouds
314,Mazatenango,GT,14.5333,-91.5,75.83,94,91,4.68,overcast clouds
315,Kenitra,MA,34.261,-6.5802,72.36,89,2,6.46,clear sky
316,Faya,SA,18.3851,42.4509,64.92,49,100,4.72,overcast clouds
317,Severo-Kurilsk,RU,50.6789,156.125,55.0,82,95,5.19,overcast clouds
318,Coahuayana,MX,18.7333,-103.6833,77.68,84,100,3.06,overcast clouds
319,Kushmurun,KZ,52.4503,64.6311,77.52,50,51,17.85,broken clouds
320,Tokur,RU,53.1333,132.9,77.92,48,40,4.47,scattered clouds
321,San-Pedro,CI,4.7485,-6.6363,74.43,87,100,8.37,overcast clouds
322,Yueyang,CN,29.3333,113.0919,96.93,49,100,7.65,overcast clouds
323,Wuwei,CN,37.9281,102.6414,86.81,13,0,7.23,clear sky
324,Krasnogorsk,RU,55.8225,37.3181,75.06,83,0,4.47,clear sky
325,Mandiana,GN,10.6333,-8.6833,68.43,97,100,2.51,light rain
326,Wagar,SD,16.1525,36.2032,80.44,61,100,15.86,overcast clouds
327,Port Macquarie,AU,-31.4333,152.9167,64.89,48,0,13.96,clear sky
328,Acapulco,MX,16.8634,-99.8901,82.22,78,100,3.44,overcast clouds
329,Kongolo,CD,-5.3833,27.0,71.96,53,99,3.49,overcast clouds
330,Mpika,ZM,-11.8343,31.4529,51.21,75,6,7.34,clear sky
331,Sept-Iles,CA,50.2001,-66.3821,64.4,81,75,5.75,broken clouds
332,Tres Barras,BR,-26.1064,-50.3222,53.24,99,12,1.97,few clouds
333,Auki,SB,-8.7676,160.7034,84.87,63,82,2.73,broken clouds
334,Azuqueca De Henares,ES,40.5669,-3.2599,73.18,65,0,6.91,clear sky
335,Siocon,PH,7.7061,122.1353,86.68,67,77,4.18,broken clouds
336,Moree,AU,-29.4667,149.85,60.17,44,1,21.32,clear sky
337,Tucuman,AR,-26.8241,-65.2226,68.0,83,75,5.75,broken clouds
338,Hirara,JP,24.8,125.2833,91.67,58,20,13.8,few clouds
339,Yinchuan,CN,38.4681,106.2731,87.94,20,0,13.71,clear sky
340,Nogales,MX,31.3086,-110.9422,71.17,94,75,0.0,broken clouds
341,Wollongong,AU,-34.4333,150.8833,66.07,46,2,11.59,clear sky
342,Broome,US,42.2506,-75.833,62.65,82,12,1.83,few clouds
343,Saquarema,BR,-22.92,-42.5103,65.77,93,12,10.51,few clouds
344,Mikhaylovka,RU,50.06,43.2379,71.78,61,28,3.49,scattered clouds
345,Ancud,CL,-41.8697,-73.8203,48.22,93,85,8.66,overcast clouds
346,Tevriz,RU,57.509,72.4042,73.8,68,96,5.53,overcast clouds
347,Caucaia,BR,-3.7361,-38.6531,76.95,79,0,6.91,clear sky
348,Husavik,IS,66.0449,-17.3389,53.42,79,100,8.48,overcast clouds
349,Leh,IN,34.1667,77.5833,65.8,51,100,0.83,overcast clouds
350,Whitehorse,CA,60.7161,-135.0538,72.37,24,75,6.91,broken clouds
351,Gazojak,TM,41.1875,61.4036,89.58,23,34,10.27,scattered clouds
352,Namatanai,PG,-3.6667,152.4333,84.33,65,35,10.02,scattered clouds
353,Pangkalanbuun,ID,-2.6833,111.6167,82.47,82,100,4.81,overcast clouds
354,Mansar,IN,21.4,79.25,80.33,74,97,2.55,light rain
355,Luganville,VU,-15.5333,167.1667,81.99,74,17,7.02,few clouds
356,Bhadra,IN,29.1167,75.1667,93.18,51,53,15.99,broken clouds
357,Tarakan,ID,3.3,117.6333,82.53,71,100,4.14,overcast clouds
358,Libreville,GA,0.3925,9.4537,75.22,94,75,5.75,broken clouds
359,Solnechnyy,RU,50.7214,136.6319,70.74,70,96,2.37,overcast clouds
360,Valparaiso,CL,-33.0393,-71.6273,53.47,94,75,3.44,broken clouds
361,Guasdualito,VE,7.2424,-70.7324,72.99,97,100,3.67,overcast clouds
362,Seki,JP,34.85,136.4,86.92,83,100,6.53,moderate rain
363,Yerofey Pavlovich,RU,53.9667,121.9667,74.1,78,100,7.54,light rain
364,Hofn,IS,64.2539,-15.2082,51.44,85,100,4.9,overcast clouds
365,Lamar,US,33.6668,-95.5836,87.64,54,0,6.91,clear sky
366,Hongjiang,CN,27.11,109.9956,98.22,38,47,9.64,scattered clouds
367,Vila Franca Do Campo,PT,37.7167,-25.4333,72.19,94,26,3.83,scattered clouds
368,Riyadh,SA,24.6877,46.7219,87.94,13,81,6.51,broken clouds
369,Dalvik,IS,65.9702,-18.5286,53.04,88,100,6.78,overcast clouds
370,Ambanja,MG,-13.6833,48.45,67.93,70,33,2.93,scattered clouds
371,Kirakira,SB,-10.4544,161.9205,82.26,77,99,6.58,heavy intensity rain
372,Boden,SE,65.8252,21.6886,60.8,95,97,4.7,overcast clouds
373,Maniitsoq,GL,65.4167,-52.9,41.22,90,85,9.1,overcast clouds
374,Charters Towers,AU,-20.1,146.2667,76.6,37,0,10.98,clear sky
375,Chapada Dos Guimaraes,BR,-15.4606,-55.7497,65.86,39,12,5.57,few clouds
376,Makakilo City,US,21.3469,-158.0858,79.12,64,100,17.27,overcast clouds
377,Kloulklubed,PW,7.0419,134.2556,79.3,71,48,4.54,scattered clouds
378,Mawlaik,MM,23.6333,94.4167,94.68,51,75,0.76,broken clouds
379,Foz,ES,43.5692,-7.2544,62.22,90,99,5.14,overcast clouds
380,Santa Maria,BR,-29.6842,-53.8069,61.9,100,100,4.61,fog
381,Jalu,LY,29.0331,21.5482,81.36,38,8,7.14,clear sky
382,Zaqatala,AZ,41.6336,46.6433,70.27,83,40,6.91,scattered clouds
383,Port Blair,IN,11.6667,92.75,87.84,74,40,5.75,scattered clouds
384,Dunedin,NZ,-45.8742,170.5036,45.97,95,100,8.57,moderate rain
385,Sarakhs,IR,36.5449,61.1577,89.74,40,0,4.61,clear sky
386,Borovoy,RU,55.4333,86.0833,69.08,77,0,6.71,clear sky
387,Murgab,TM,37.4966,61.9714,85.87,39,0,11.5,clear sky
388,Laguna,US,38.421,-121.4238,80.4,56,0,8.05,clear sky
389,San Rafael,AR,-34.6177,-68.3301,46.63,82,93,7.52,overcast clouds
390,Bairiki,KI,1.3292,172.9752,86.0,70,40,13.8,scattered clouds
391,Padang,ID,-0.9492,100.3543,78.85,63,78,4.92,light rain
392,Serik,TR,36.9169,31.0989,86.25,31,0,6.98,clear sky
393,Kudinovo,RU,54.9994,36.2533,70.2,81,0,2.21,clear sky
394,Tomatlan,MX,19.9333,-105.25,76.89,86,100,3.83,overcast clouds
395,Okhotsk,RU,59.3833,143.3,65.08,75,18,8.37,few clouds
396,Muli,MV,2.9167,73.5667,82.22,76,55,15.66,broken clouds
397,Suba,PH,10.8438,121.0102,84.92,74,84,15.41,broken clouds
398,Ngunguru,NZ,-35.6167,174.5,59.56,72,3,8.48,clear sky
399,Carutapera,BR,-1.195,-46.02,75.51,91,82,5.1,broken clouds
400,Benicarlo,ES,40.4165,0.4271,75.56,54,23,4.56,few clouds
401,Staryy Nadym,RU,65.6118,72.6842,56.12,69,95,8.72,overcast clouds
402,Pontes E Lacerda,BR,-15.2261,-59.3353,70.59,47,45,2.39,scattered clouds
403,Juruti,BR,-2.1522,-56.0922,76.24,78,88,2.26,overcast clouds
404,Berlevag,NO,70.8578,29.0864,60.6,94,100,3.44,light rain
405,Kahului,US,20.8947,-156.47,82.42,68,75,21.85,broken clouds
406,Santa Engracia,ES,41.9406,-1.3245,63.99,75,0,13.73,clear sky
407,Muchkapskiy,RU,51.8513,42.4717,72.43,73,13,6.71,few clouds
408,Ryotsu,JP,38.0833,138.4333,81.54,76,61,2.46,broken clouds
409,Malindi,KE,-3.2175,40.1191,75.36,78,75,6.91,broken clouds
410,Jasper,US,37.2001,-94.3502,92.23,56,0,5.75,clear sky
411,Cubuk,TR,40.2386,33.0322,65.77,72,0,4.61,clear sky
412,Herat,AF,34.5,62.0,88.5,21,1,11.01,clear sky
413,Kirkland Lake,CA,48.1446,-80.0377,61.09,88,100,4.5,overcast clouds
414,Cliza,BO,-17.6,-65.9333,53.56,69,78,3.13,broken clouds
415,Glenwood Springs,US,39.5505,-107.3248,70.83,56,0,1.01,clear sky
416,Fare,PF,-16.7,-151.0167,78.57,72,9,7.54,clear sky
417,Gigmoto,PH,13.7796,124.39,88.56,66,92,7.02,overcast clouds
418,Bondoukou,CI,8.0333,-2.8,69.3,98,96,6.58,overcast clouds
419,Silikatnyy,RU,53.9896,48.3275,69.87,79,32,6.64,scattered clouds
420,Realeza,BR,-25.7689,-53.5325,59.5,84,3,3.76,clear sky
421,Manzanillo,CU,20.3433,-77.1167,75.67,87,76,3.83,broken clouds
422,Vostok,RU,46.4856,135.8833,79.61,55,38,7.94,scattered clouds
423,Cabo San Lucas,MX,22.8909,-109.9124,87.1,63,33,12.84,scattered clouds
424,Avera,US,33.194,-82.5271,80.11,70,85,4.25,overcast clouds
425,Tahoua,NE,14.8888,5.2692,82.04,64,24,15.88,few clouds
426,Yarmouth,US,41.7057,-70.2286,69.85,88,0,0.0,clear sky
427,Waipawa,NZ,-41.4122,175.5153,49.91,90,100,2.98,overcast clouds
428,Arkhara,RU,49.4212,130.0842,87.53,56,26,2.35,scattered clouds
429,Rawson,AR,-43.3002,-65.1023,44.94,95,100,9.51,light rain
430,Saint Anthony,US,45.0205,-93.218,69.75,89,0,12.66,clear sky
431,Mingshui,CN,36.7167,117.5,89.47,52,0,3.87,clear sky
432,Mutoko,ZW,-17.397,32.2268,49.33,92,6,1.72,clear sky
433,Mahibadhoo,MV,3.7833,72.9667,81.81,76,61,15.03,broken clouds
434,Beringovskiy,RU,63.05,179.3167,47.53,97,100,3.58,light rain
435,Saint-Joseph,RE,-21.3667,55.6167,70.21,77,26,9.66,scattered clouds
436,Pedasi,PA,7.5333,-80.0333,79.07,79,67,3.18,broken clouds
437,Matara,LK,5.9485,80.5353,83.16,75,100,4.45,overcast clouds
438,Deputatskiy,RU,69.3,139.9,63.25,46,82,11.86,broken clouds
439,Stephenville,US,32.2207,-98.2023,90.86,37,40,8.05,scattered clouds
440,Korenovsk,RU,45.4686,39.4519,71.92,66,58,6.11,broken clouds
441,Lagoa,PT,39.05,-27.9833,72.46,88,28,13.76,scattered clouds
442,Hajnowka,PL,52.7433,23.5812,60.03,92,100,1.01,overcast clouds
443,Dicabisagan,PH,17.0818,122.4157,86.63,73,100,2.28,overcast clouds
444,Tupik,RU,54.4253,119.9327,73.49,78,100,8.21,light rain
445,Wamba,NG,8.9333,8.6,70.61,98,99,2.39,overcast clouds
446,Oranjemund,NA,-28.55,16.4333,51.31,88,10,5.84,clear sky
447,Coron,PH,11.9986,120.2043,85.71,72,100,8.37,overcast clouds
448,Pombas,CV,17.1503,-25.0201,76.78,86,31,4.29,scattered clouds
449,Akyab,MM,20.15,92.9,86.27,68,15,5.59,few clouds
450,Port Augusta,AU,-32.5,137.7667,63.61,35,100,5.26,overcast clouds
451,Agnibilekrou,CI,7.1344,-3.2047,70.21,97,100,4.23,overcast clouds
452,Camocim,BR,-2.9022,-40.8411,73.18,87,64,8.61,broken clouds
453,Nsanje,MW,-16.92,35.262,61.11,91,8,1.66,clear sky
454,Zyryanka,RU,65.75,150.85,62.69,37,51,13.24,broken clouds
455,Ariquemes,BR,-9.9133,-63.0408,72.34,52,51,1.05,broken clouds
456,Tyrma,RU,50.0833,132.1667,84.85,52,21,3.31,few clouds
457,Casper,US,42.8666,-106.3131,72.19,47,0,13.8,clear sky
458,Tananger,NO,58.9333,5.6,51.78,88,75,17.27,broken clouds
459,Cangzhou,CN,38.3167,116.8667,92.5,42,12,5.86,few clouds
460,Goundam,ML,16.4145,-3.6708,91.76,20,100,8.05,overcast clouds
461,Gryazovets,RU,58.88,40.2525,68.99,86,8,6.29,clear sky
462,Stykkisholmur,IS,65.0757,-22.7297,53.47,95,100,15.26,overcast clouds
463,Meadow Lake,US,34.8014,-106.5436,78.28,55,75,1.3,broken clouds
464,Khartoum,SD,15.5518,32.5324,81.01,70,87,4.0,overcast clouds
465,Puerto Madryn,AR,-42.7692,-65.0385,45.36,95,100,12.28,moderate rain
466,Atambua,ID,-9.1061,124.8925,82.33,48,56,4.07,broken clouds
467,Taoudenni,ML,22.6783,-3.9836,92.8,11,0,9.64,clear sky
468,Labrea,BR,-7.2586,-64.7981,74.35,61,96,0.58,overcast clouds
469,Sumbawanga,TZ,-7.9667,31.6167,53.33,72,48,2.44,scattered clouds
470,Awbari,LY,26.5921,12.7805,76.37,19,0,7.16,clear sky
471,Wum,CM,6.3833,10.0667,63.99,98,100,2.42,light rain
472,Esna,EG,25.2934,32.554,80.62,13,4,8.3,clear sky
473,Chapais,CA,49.7834,-74.8492,46.18,96,32,3.94,scattered clouds
474,Pangnirtung,CA,66.1451,-65.7125,46.31,82,55,2.93,broken clouds
475,Jackson,US,42.4165,-122.8345,93.07,27,0,10.36,clear sky
476,Adelaide,AU,-34.9333,138.6,60.93,65,75,14.97,broken clouds
477,Inhambane,MZ,-23.865,35.3833,62.02,76,0,2.3,clear sky
478,Port-Gentil,GA,-0.7193,8.7815,73.98,80,95,11.1,overcast clouds
479,Georgiyevka,KZ,43.0369,74.7114,91.44,27,0,13.42,clear sky
480,Aklavik,CA,68.2191,-135.0107,60.44,36,100,16.71,overcast clouds
481,Kokoda,PG,-8.8785,147.7407,83.79,72,52,5.91,broken clouds
482,Tazovskiy,RU,67.4667,78.7,53.62,70,24,6.15,few clouds
483,Yambio,SS,4.5721,28.3955,68.38,98,100,2.64,overcast clouds
484,Mkushi,ZM,-13.6202,29.3939,50.92,91,0,5.82,clear sky
485,Crateus,BR,-5.1783,-40.6775,69.96,56,80,4.32,broken clouds
486,Yumen,CN,40.2833,97.2,90.7,8,4,15.39,clear sky
487,Sabha,LY,27.0377,14.4283,76.96,20,0,8.88,clear sky
488,Katherine,AU,-14.4667,132.2667,86.32,21,11,12.66,few clouds
489,Naze,JP,28.3667,129.4833,76.12,71,20,6.96,moderate rain
490,Santa Isabel Do Rio Negro,BR,-0.4139,-65.0192,72.64,97,91,1.81,overcast clouds
491,Yurla,RU,59.3259,54.3223,62.91,52,41,6.26,scattered clouds
492,Zhezkazgan,KZ,47.8043,67.7144,82.38,36,0,11.18,clear sky
493,Erenhot,CN,43.6475,111.9767,85.26,18,65,14.05,broken clouds
494,Hinton,CA,53.4001,-117.5857,61.39,78,44,2.21,scattered clouds
495,Susanville,US,40.4163,-120.653,82.24,24,0,6.91,clear sky
496,Nemuro,JP,43.3236,145.575,66.7,95,100,7.45,overcast clouds
497,Vung Tau,VN,10.346,107.0843,82.4,74,99,8.66,overcast clouds
498,Drezdenko,PL,52.8383,15.8308,60.46,69,32,7.09,scattered clouds
499,Mackay,AU,-21.15,149.2,65.93,57,0,18.12,clear sky
500,Mayor Pablo Lagerenza,PY,-19.9309,-60.7718,73.42,38,3,6.04,clear sky
501,Zaysan,KZ,47.4667,84.8667,85.15,18,99,9.8,overcast clouds
502,Boddam,GB,57.4667,-1.7833,52.48,84,16,8.25,few clouds
503,Broken Hill,AU,-31.95,141.4333,58.5,38,62,8.88,broken clouds
504,Trairi,BR,-3.2778,-39.2689,76.55,83,86,10.78,overcast clouds
505,Shache,CN,38.4167,77.2406,100.67,11,21,4.14,few clouds
506,Malanville,BJ,11.8685,3.3899,76.19,83,86,8.7,overcast clouds
507,Alta Gracia,AR,-31.6529,-64.4283,60.37,88,67,4.16,broken clouds
508,Rudnogorsk,RU,57.2639,103.7519,68.41,49,82,7.43,broken clouds
509,Oum Hadjer,TD,13.2954,19.6966,74.97,79,100,15.97,overcast clouds
510,Hayden,US,47.766,-116.7866,82.96,54,0,3.44,clear sky
511,Sauteurs,GD,12.2167,-61.6333,80.24,75,13,17.0,few clouds
512,Tabas,IR,33.5959,56.9244,98.1,22,80,5.39,broken clouds
513,Sokolo,ML,14.7328,-6.1219,83.21,60,83,16.82,broken clouds
514,Awjilah,LY,29.1081,21.2869,80.73,39,5,7.14,clear sky
515,Viedma,AR,-40.8135,-62.9967,49.05,97,100,1.54,overcast clouds
516,Abu Dhabi,AE,24.4667,54.3667,87.96,62,0,10.36,clear sky
517,Hutang,CN,31.5333,119.4833,95.95,54,1,2.04,clear sky
518,Tura,IN,25.5198,90.2201,81.91,77,39,3.49,scattered clouds
519,Eyrarbakki,IS,63.863,-21.1481,55.45,99,100,15.59,light rain
520,Elat,IL,29.5581,34.9482,86.47,29,0,7.47,clear sky
521,Batagay-Alyta,RU,67.8006,130.4114,79.03,42,97,3.91,overcast clouds
522,Prieska,ZA,-29.6641,22.7474,52.74,56,40,3.65,scattered clouds
523,Saint-Paul,RE,-21.0096,55.2707,72.36,68,11,1.77,few clouds
524,Kelheim,DE,48.9167,11.8667,62.24,73,96,3.33,overcast clouds
525,Kankon,IN,15.0167,74.0167,81.91,75,92,2.73,overcast clouds
526,Birjand,IR,32.8663,59.2211,88.27,19,32,4.61,haze
527,Esso,RU,55.9333,158.7,63.68,56,100,7.81,overcast clouds
528,Isiro,CD,2.7739,27.616,66.29,100,100,0.67,overcast clouds
529,Ahuimanu,US,21.4447,-157.8378,80.31,71,40,17.27,scattered clouds
530,Caorle,IT,45.5966,12.8758,75.72,73,100,13.38,light rain
531,Iquique,CL,-20.2208,-70.1431,59.04,77,72,3.47,broken clouds
532,Pemberton,CA,50.3164,-122.8027,80.02,52,6,2.24,clear sky
533,Ukiah,US,39.1502,-123.2078,80.49,36,0,5.75,clear sky
534,Puerto Madero,MX,14.7208,-92.4215,75.4,100,75,0.0,broken clouds
535,Petrolina,BR,-9.3986,-40.5008,69.85,83,40,12.66,scattered clouds
536,Pacifica,US,37.6138,-122.4869,63.99,92,20,10.36,mist
537,Half Moon Bay,US,37.4636,-122.4286,65.91,86,100,10.36,mist
538,Eydhafushi,MV,5.1033,73.0708,81.79,77,95,14.58,overcast clouds
539,Leningradskiy,RU,69.3833,178.4167,36.41,92,100,4.41,overcast clouds
540,Mandalgovi,MN,45.7625,106.2708,66.81,38,2,9.6,clear sky
541,Nanakuli,US,21.3906,-158.1547,80.55,61,100,10.36,overcast clouds
542,Beysehir,TR,37.6773,31.7246,71.13,36,0,3.51,clear sky
543,Bindi,SL,9.9167,-11.45,70.03,99,100,3.06,light rain
544,Velka Nad Velickou,CZ,48.8826,17.5206,60.96,97,55,3.51,broken clouds
545,Villazon,BO,-22.0866,-65.5942,41.16,86,55,1.63,broken clouds
546,Ambalavao,MG,-21.8333,46.9333,58.14,79,43,3.15,scattered clouds
547,Port Said,EG,31.2565,32.2841,80.58,83,0,4.61,clear sky
548,Fukue,JP,32.6881,128.8419,86.36,62,20,4.61,few clouds
549,Carauari,BR,-4.8828,-66.8958,74.07,87,10,1.59,clear sky
550,Linxia,CN,35.6003,103.2064,76.01,39,28,4.34,scattered clouds
551,Dolores,AR,-36.3132,-57.6792,60.33,99,100,2.39,heavy intensity rain
552,Central Point,US,42.376,-122.9164,93.33,27,0,10.36,clear sky
553,Bezhetsk,RU,57.7851,36.6965,70.57,82,58,6.78,broken clouds
554,Dodola,ET,6.9833,39.1833,53.2,90,100,2.01,light rain
555,Barras,BR,-4.2444,-42.2944,68.79,93,99,2.71,overcast clouds
556,Iranshahr,IR,27.2025,60.6848,86.34,54,40,6.91,scattered clouds
557,Soyo,AO,-6.1349,12.3689,68.52,92,83,3.53,broken clouds
558,Ust-Omchug,RU,61.15,149.6333,60.53,74,100,9.22,overcast clouds
559,Manono,CD,-7.3,27.4167,69.98,47,88,4.52,overcast clouds
560,Sakaraha,MG,-22.9,44.5333,57.76,73,0,3.8,clear sky
561,Annau,TM,37.8876,58.516,87.3,37,40,4.61,scattered clouds
562,Timmins,CA,48.4669,-81.3331,60.62,77,20,4.61,few clouds
563,Borovskoy,KZ,53.8,64.15,69.22,78,100,14.16,overcast clouds
564,Nouadhibou,MR,20.931,-17.0347,78.78,83,4,9.22,clear sky
565,Talcahuano,CL,-36.7167,-73.1167,53.28,100,100,4.61,overcast clouds
566,Yabassi,CM,4.457,9.9682,71.64,99,99,0.85,light rain
567,Pochutla,MX,15.7432,-96.4661,76.82,93,89,3.15,overcast clouds
568,Skibbereen,IE,51.55,-9.2667,53.11,76,100,2.42,overcast clouds
569,Antalaha,MG,-14.9003,50.2788,68.72,74,53,6.38,broken clouds
570,Mumford,GH,5.2618,-0.759,74.01,91,93,8.55,light rain
571,Kumluca,TR,36.3703,30.2869,89.65,35,0,1.43,clear sky
572,San Cristobal Verapaz,GT,15.3833,-90.4,58.64,98,53,0.78,broken clouds
573,Nyurba,RU,63.2842,118.3319,90.34,44,6,8.34,clear sky
574,Baykit,RU,61.67,96.37,69.4,82,100,1.34,light rain
575,Olafsvik,IS,64.8945,-23.7142,52.79,97,100,16.82,light rain
576,Byron Bay,AU,-28.65,153.6167,66.94,38,0,7.49,clear sky
577,Kabompo,ZM,-13.5927,24.2008,45.91,71,0,4.7,clear sky
578,Mayumba,GA,-3.432,10.6554,68.16,93,45,4.5,scattered clouds
579,Aleksandrov Gay,RU,50.147,48.5704,78.64,48,58,5.95,broken clouds
580,Codrington,AU,-38.2667,141.9667,56.08,80,100,15.26,overcast clouds
581,Paranavai,BR,-23.0731,-52.4653,65.21,54,0,4.72,clear sky
582,Pacific Grove,US,36.6177,-121.9166,60.91,88,75,4.61,broken clouds
583,Itoman,JP,26.1247,127.6694,89.98,77,40,14.97,scattered clouds
584,Sioux Lookout,CA,50.1001,-91.917,62.67,77,100,4.61,overcast clouds
585,Havoysund,NO,70.9963,24.6622,53.83,98,100,11.12,light rain
586,Otane,NZ,-39.8833,176.6333,61.02,86,79,8.59,broken clouds
587,Alta Floresta,BR,-9.8756,-56.0861,70.25,51,43,4.05,scattered clouds
588,Russell,US,32.3502,-85.1999,80.2,71,59,3.71,broken clouds
589,Manado,ID,1.487,124.8455,86.77,70,40,5.75,scattered clouds
590,Ornskoldsvik,SE,63.2909,18.7153,58.15,88,100,10.36,overcast clouds
591,Wuhu,CN,31.3366,118.3755,94.64,57,53,1.41,broken clouds
592,Mineiros,BR,-17.5694,-52.5511,62.69,41,0,2.55,clear sky
593,Papara,BR,-3.9839,-38.7273,75.6,94,100,4.79,overcast clouds
594,Zasheyek,RU,67.4066,32.5499,60.94,92,99,8.16,overcast clouds
595,Urdoma,RU,61.7533,48.5442,67.14,48,30,3.67,scattered clouds
596,Nishihara,JP,26.1842,127.7558,89.26,76,40,14.97,scattered clouds
597,Gold Coast,AU,-28.0,153.4333,71.24,52,0,5.75,clear sky
598,Adrar,MR,20.5022,-10.0711,93.81,28,25,17.38,scattered clouds
599,Hamilton,US,39.1834,-84.5333,72.45,94,0,0.0,mist
600,Kedougou,SN,12.5579,-12.1743,73.6,98,100,2.62,moderate rain
601,Spencer,US,43.1414,-95.1444,71.71,83,0,6.91,clear sky
602,Kabwe,ZM,-14.4469,28.4464,51.44,88,0,6.85,clear sky
603,Porteirinha,BR,-15.7433,-43.0283,60.31,80,0,7.02,clear sky
604,Cheremukhovo,RU,60.3484,59.9851,63.55,51,27,3.11,scattered clouds
605,Baksheyevo,RU,55.7086,39.8767,73.18,72,5,3.24,clear sky
606,Agawam,US,42.0695,-72.6148,66.61,86,0,6.91,clear sky
607,Ahipara,NZ,-35.1667,173.1667,58.6,86,38,10.78,scattered clouds
608,Salta,AR,-24.7859,-65.4117,66.79,80,75,3.44,broken clouds
609,Espanola,US,35.9911,-106.0806,67.64,69,100,1.36,moderate rain
610,Itarema,BR,-2.9248,-39.9167,76.53,81,57,12.73,broken clouds
611,Ostrogozhsk,RU,50.8664,39.0756,69.48,76,6,1.95,clear sky
612,Pointe Michel,DM,15.25,-61.3833,79.75,74,3,11.92,clear sky
613,Loandjili,CG,-4.7561,11.8578,68.11,100,75,1.14,mist
614,Salalah,OM,17.0151,54.0924,75.29,100,100,5.75,light intensity drizzle
615,San Luis,AR,-33.295,-66.3356,49.33,97,100,9.62,overcast clouds
616,Pokhara,NP,28.2333,83.9833,73.15,94,100,0.94,overcast clouds
617,Ulladulla,AU,-35.35,150.4667,62.24,44,4,10.31,clear sky
618,Sasovo,RU,54.3537,41.9199,73.67,70,10,6.4,clear sky
619,Enumclaw,US,47.2043,-121.9915,81.59,70,0,4.76,clear sky
620,Hasaki,JP,35.7333,140.8333,93.29,80,69,20.74,broken clouds
621,Metro,ID,-5.1131,105.3067,85.64,65,97,4.52,overcast clouds
622,San Policarpo,PH,12.1791,125.5072,84.56,75,96,3.38,overcast clouds
623,Ivanteyevka,RU,55.9711,37.9208,72.14,72,5,3.44,clear sky
624,Trincomalee,LK,8.5711,81.2335,83.25,73,89,8.16,light rain
625,Launceston,AU,-41.45,147.1667,58.64,61,42,9.22,scattered clouds
626,Akhtubinsk,RU,48.2795,46.1722,79.86,44,6,6.22,clear sky
627,Haimen,CN,23.1935,116.6142,93.09,63,0,8.34,clear sky
628,Manzhouli,CN,49.6,117.4333,78.51,44,0,17.96,clear sky
629,Mehamn,NO,71.0357,27.8492,57.11,100,100,3.44,light rain
630,Kharp,RU,66.8014,65.8081,53.26,74,93,8.16,overcast clouds
631,Ghanzi,BW,-21.5667,21.7833,49.64,57,18,2.95,few clouds
632,Mount Isa,AU,-20.7333,139.5,74.97,27,0,10.36,clear sky
633,Kununurra,AU,-15.7667,128.7333,84.18,23,3,11.5,clear sky
634,Swan Hill,AU,-35.3378,143.5544,59.72,48,90,13.8,overcast clouds
635,Badou,TG,7.5833,0.6,71.76,96,100,2.95,overcast clouds
636,Safaga,EG,26.7292,33.9365,86.41,43,1,11.39,clear sky
637,Miri,MY,4.4148,114.0089,80.74,89,40,10.36,light rain
638,Ternovskaya,RU,45.8542,40.4086,70.79,69,81,5.99,broken clouds
639,Tshikapa,CD,-6.4167,20.8,67.73,37,75,3.36,broken clouds
640,Salym,RU,60.0625,71.4789,69.12,49,47,10.76,scattered clouds
641,Yaan,NG,7.3833,8.5667,71.49,97,100,5.39,overcast clouds
642,Kiama,AU,-34.6833,150.8667,66.38,49,4,13.8,clear sky
643,Preobrazheniye,RU,42.9019,133.9064,76.41,76,32,3.62,scattered clouds
644,Mujiayingzi,CN,42.1167,118.7833,83.46,50,91,10.38,overcast clouds
645,Traralgon,AU,-38.1833,146.5333,53.55,90,90,6.46,light rain
646,Krechevitsy,RU,58.617,31.401,68.56,72,98,7.07,overcast clouds
647,Nabire,ID,-3.3667,135.4833,84.96,66,100,4.18,light rain
648,Kropotkin,RU,45.4375,40.5756,70.07,75,94,5.86,overcast clouds
649,Kisesa,TZ,-3.0833,34.15,63.19,60,62,9.95,broken clouds
650,Guarare,PA,7.8167,-80.2833,79.2,83,60,1.57,broken clouds
651,Selkirk,CA,50.1436,-96.8845,62.08,84,44,8.52,scattered clouds
652,Asfi,MA,32.2994,-9.2372,70.54,86,0,15.26,clear sky
653,Geraldton,AU,-28.7667,114.6,68.41,56,0,14.97,clear sky
654,Dubai,AE,25.2582,55.3047,88.09,66,0,9.22,clear sky
655,Weligama,LK,5.9667,80.4167,82.78,75,100,4.43,overcast clouds
656,Usinsk,RU,65.9939,57.5281,64.2,55,26,7.92,scattered clouds
657,Bourges,FR,47.25,2.4167,62.19,81,7,4.97,clear sky
658,Kemijarvi,FI,66.7131,27.4306,61.52,91,96,9.57,overcast clouds
659,Arman,RU,59.7,150.1667,79.02,74,62,7.0,broken clouds
660,Merauke,ID,-8.4667,140.3333,81.12,70,72,16.87,broken clouds
661,Kassala,SD,15.451,36.4,76.89,73,99,17.85,overcast clouds
662,Yalutorovsk,RU,56.6536,66.3006,58.08,83,100,7.45,overcast clouds
663,Maragogi,BR,-9.0122,-35.2225,73.06,85,67,10.69,broken clouds
664,Novo Aripuana,BR,-5.1206,-60.3797,77.81,57,90,2.64,overcast clouds
665,Homer,US,59.6425,-151.5483,55.27,73,0,6.91,clear sky
666,Kasongo-Lunda,CD,-6.4667,16.8167,63.73,39,74,0.36,broken clouds
667,Port Hedland,AU,-20.3167,118.5667,87.85,19,2,13.8,clear sky
668,Price,US,39.5994,-110.8107,79.86,38,75,3.44,broken clouds
669,Rincon,US,32.296,-81.2354,82.85,78,0,8.05,clear sky
670,Rapid City,US,44.0805,-103.231,69.22,69,0,10.0,clear sky
671,Todos Santos,MX,23.45,-110.2167,78.04,86,25,7.07,scattered clouds
672,Veere,NL,51.5483,3.6667,61.0,78,47,5.75,scattered clouds
673,Kencong,ID,-8.2833,113.3667,83.1,65,19,9.69,few clouds
674,Betare Oya,CM,5.6,14.0833,66.79,99,100,4.9,overcast clouds
675,Lazaro Cardenas,MX,17.9583,-102.2,79.14,78,76,3.69,broken clouds
676,Boa Esperanca,BR,-21.09,-45.5658,56.34,74,0,4.05,clear sky
677,Ust-Nera,RU,64.5667,143.2,72.54,49,93,4.94,overcast clouds
